word,count
base de donnees,1
big data,1
machine learning,1
java,1
application,1
analytics,1
python,1
R,1
big data,1
deep learning,1
machine learning,1
vision,1
java,1
hadoop,1
spark,1
mongodb,1
scala,1
tableau,1
sql,1
cassandra,1
python,1
R,1
big data,1
machine learning,1
python,1
R,1
c++,1
nosql,1
R,1
big data,1
deep learning,1
machine learning,1
analytics,1
keras,1
hadoop,1
spark,1
sas,1
nosql,1
sql,1
python,1
R,1
big data,1
website,1
hadoop,1
tableau,1
algorithm,1
cloud,1
python,1
R,1
big data,1
machine learning,1
website,1
arbres,1
sap,1
regression,1
analytics,1
spss,1
hadoop,1
spark,1
sas,1
datamining,1
python,1
excel,1
spss,1
analytics,1
application,1
app,1
big data,1
machine learning,1
java,1
c++,1
hadoop,1
spark,1
sas,1
scala,1
sql,1
python,1
base de donnees,1
big data,1
machine learning,1
.net,1
clustering,1
analytics,1
spark,1
classification,1
application,1
nosql,1
scala,1
app,1
python,1
R,1
big data,1
machine learning,1
sas,1
python,1
big data,1
data mining,1
intelligence artificielle,1
classification,1
analytics,1
R,1
big data,1
.net,1
java,1
mongodb,1
hive,1
ia,1
R,1
big data,1
machine learning,1
.net,1
python,1
big data,1
sql,1
hadoop,1
spark,1
application,1
R,1
application,1
app,1
python,1
R,1
big data,1
machine learning,1
analytics,1
classification,1
application,1
clustering,1
sql,1
app,1
cloud,1
python,1
big data,1
ajax,1
hadoop,1
nosql,1
cassandra,1
python,1
big data,1
machine learning,1
.net,1
angularjs,1
mongodb,1
nosql,1
sql,1
app,1
R,1
big data,1
machine learning,1
hadoop,1
python,1
vision,1
spark,1
R,1
big data,1
data mining,1
deep learning,1
machine learning,1
reseaux de neurones,1
support vector machine,1
arbres,1
regression,1
analytics,1
c++,1
java,1
hadoop,1
sas,1
classification,1
nosql,1
neurones,1
hive,1
R,1
big data,1
deep learning,1
machine learning,1
.net,1
analytics,1
hadoop,1
spark,1
cloud,1
python,1
big data,1
machine learning,1
.net,1
machine learning,1
learn,1
analytics,1
big data,1
data mining,1
machine learning,1
analytics,1
ia,1
R,1
machine learning,1
prediction,1
hadoop,1
mongodb,1
python,1
sql,1
matlab,1
R,1
machine learning,1
analytics,1
python,1
R,1
big data,1
machine learning,1
sas,1
python,1
scala,1
excel,1
sql,1
vision,1
R,1
big data,1
machine learning,1
sas,1
python,1
scala,1
excel,1
sql,1
vision,1
big data,1
machine learning,1
.net,1
angularjs,1
mongodb,1
nosql,1
sql,1
app,1
big data,1
sql,1
oracle,1
cloud,1
cassandra,1
application,1
vision,1
R,1
big data,1
data mining,1
application,1
app,1
python,1
application,1
application,1
R,1
big data,1
machine learning,1
python,1
big data,1
deep learning,1
machine learning,1
python,1
application,1
nosql,1
big data,1
vision,1
analytics,1
hadoop,1
spark,1
sql,1
hive,1
cloud,1
python,1
sql,1
analytics,1
cloud,1
machine learning,1
vision,1
prediction,1
analytics,1
sql,1
python,1
machine learning,1
learn,1
analytics,1
big data,1
machine learning,1
learn,1
prediction,1
analytics,1
spark,1
python,1
machine learning,1
learn,1
analytics,1
big data,1
analytics,1
hadoop,1
spark,1
sql,1
hive,1
cloud,1
python,1
R,1
base de donnees,1
big data,1
data mining,1
machine learning,1
website,1
pig,1
prediction,1
analytics,1
cassandra,1
sas,1
classification,1
mongodb,1
nosql,1
sql,1
weka,1
svm,1
bayes,1
hive,1
iot,1
big data,1
ajax,1
hadoop,1
nosql,1
cassandra,1
python,1
big data,1
sql,1
oracle,1
cloud,1
cassandra,1
application,1
vision,1
R,1
big data,1
data mining,1
application,1
app,1
python,1
application,1
application,1
R,1
big data,1
machine learning,1
python,1
big data,1
deep learning,1
machine learning,1
python,1
application,1
nosql,1
big data,1
vision,1
analytics,1
hadoop,1
spark,1
sql,1
hive,1
cloud,1
python,1
sql,1
analytics,1
cloud,1
machine learning,1
vision,1
prediction,1
analytics,1
sql,1
python,1
machine learning,1
learn,1
analytics,1
big data,1
machine learning,1
learn,1
prediction,1
analytics,1
spark,1
python,1
machine learning,1
learn,1
analytics,1
big data,1
analytics,1
hadoop,1
spark,1
sql,1
hive,1
cloud,1
python,1
R,1
base de donnees,1
big data,1
data mining,1
machine learning,1
website,1
pig,1
prediction,1
analytics,1
cassandra,1
sas,1
classification,1
mongodb,1
nosql,1
sql,1
weka,1
svm,1
bayes,1
hive,1
iot,1
big data,1
oracle,1
angularjs,1
java,1
mysql,1
ruby,1
sql,1
cloud,1
python,1
iot,1
R,1
big data,1
data mining,1
machine learning,1
svm,1
forest,1
analytics,1
app,1
base de donnees,1
big data,1
machine learning,1
clustering,1
analytics,1
spark,1
classification,1
application,1
nosql,1
scala,1
python,1
machine learning,1
learn,1
website,1
app,1
vision,1
big data,1
java,1
hadoop,1
spark,1
nosql,1
scala,1
app,1
python,1
R,1
analytics,1
angularjs,1
big data,1
deep learning,1
intelligence artificielle,1
machine learning,1
java,1
analytics,1
spark,1
mongodb,1
scala,1
python,1
big data,1
analytics,1
hadoop,1
spark,1
sql,1
hive,1
cloud,1
python,1
R,1
learn,1
vision,1
big data,1
deep learning,1
hadoop,1
python,1
spark,1
big data,1
excel,1
analytics,1
R,1
data mining,1
machine learning,1
sql,1
python,1
datamining,1
big data,1
analytics,1
hadoop,1
spark,1
sql,1
hive,1
cloud,1
python,1
R,1
learn,1
vision,1
big data,1
deep learning,1
hadoop,1
python,1
spark,1
big data,1
excel,1
analytics,1
R,1
data mining,1
machine learning,1
sql,1
python,1
datamining,1
website,1
application,1
excel,1
R,1
big data,1
machine learning,1
ajax,1
spss,1
d3,1
hadoop,1
spark,1
sas,1
tableau,1
python,1
machine learning,1
tableau,1
sql,1
application,1
big data,1
analytics,1
R,1
big data,1
machine learning,1
analytics,1
classification,1
application,1
clustering,1
sql,1
app,1
cloud,1
python,1
R,1
big data,1
machine learning,1
.net,1
spss,1
hadoop,1
spark,1
sas,1
tableau,1
cloud,1
python,1
R,1
big data,1
data mining,1
machine learning,1
analytics,1
ia,1
machine learning,1
website,1
ajax,1
prediction,1
java,1
c++,1
hadoop,1
application,1
python,1
sas,1
application,1
R,1
big data,1
machine learning,1
website,1
d3,1
analytics,1
hadoop,1
spark,1
python,1
application,1
R,1
big data,1
machine learning,1
website,1
d3,1
analytics,1
hadoop,1
spark,1
python,1
base de donnees,1
big data,1
machine learning,1
vision,1
java,1
hadoop,1
spark,1
mysql,1
mongodb,1
application,1
base de donnees,1
big data,1
machine learning,1
vision,1
java,1
hadoop,1
spark,1
mysql,1
mongodb,1
application,1
sql,1
R,1
base de donnees,1
big data,1
postgresql,1
oracle,1
analytics,1
c++,1
java,1
mapreduce,1
hadoop,1
mysql,1
sas,1
mongodb,1
application,1
nosql,1
tableau,1
cassandra,1
python,1
R,1
big data,1
data mining,1
machine learning,1
pig,1
php,1
hadoop,1
spark,1
sas,1
forest,1
nosql,1
svm,1
cloud,1
python,1
big data,1
java,1
hadoop,1
spark,1
application,1
scala,1
R,1
big data,1
data mining,1
machine learning,1
sap,1
sas,1
nosql,1
sql,1
python,1
data mining,1
deep learning,1
intelligence artificielle,1
machine learning,1
ia,1
analytics,1
datamining,1
cloud,1
python,1
R,1
base de donnees,1
excel,1
sql,1
c++,1
machine learning,1
oracle,1
analytics,1
application,1
app,1
cloud,1
R,1
machine learning,1
prediction,1
analytics,1
python,1
R,1
big data,1
data mining,1
machine learning,1
java,1
c++,1
hadoop,1
spark,1
scala,1
svm,1
python,1
base de donnees,1
analytics,1
sas,1
datamining,1
excel,1
sql,1
deep learning,1
machine learning,1
website,1
app,1
python,1
big data,1
machine learning,1
website,1
analytics,1
c++,1
java,1
application,1
scala,1
app,1
python,1
R,1
big data,1
intelligence artificielle,1
machine learning,1
cassandra,1
cloud,1
spark,1
R,1
big data,1
machine learning,1
tableau,1
sql,1
analytics,1
hadoop,1
R,1
big data,1
machine learning,1
pig,1
analytics,1
spark,1
sas,1
nosql,1
hive,1
python,1
R,1
big data,1
machine learning,1
analytics,1
hadoop,1
spark,1
cassandra,1
app,1
cloud,1
R,1
big data,1
python,1
classification,1
c++,1
matlab,1
R,1
big data,1
machine learning,1
analytics,1
classification,1
clustering,1
sql,1
cloud,1
python,1
R,1
application,1
prediction,1
c++,1
R,1
big data,1
cassandra,1
python,1
hadoop,1
deep learning,1
prediction,1
java,1
hadoop,1
nosql,1
python,1
R,1
base de donnees,1
big data,1
website,1
analytics,1
nosql,1
sql,1
app,1
python,1
big data,1
nosql,1
java,1
python,1
hadoop,1
big data,1
machine learning,1
.net,1
big data,1
machine learning,1
.net,1
java,1
spark,1
classification,1
cassandra,1
data mining,1
algorithm,1
python,1
big data,1
intelligence artificielle,1
machine learning,1
java,1
analytics,1
hadoop,1
spark,1
datamining,1
scala,1
python,1
data mining,1
algorithm,1
python,1
R,1
deep learning,1
intelligence artificielle,1
machine learning,1
reseaux de neurones,1
website,1
neurones,1
python,1
hadoop,1
keras,1
python,1
ia,1
big data,1
intelligence artificielle,1
machine learning,1
java,1
analytics,1
hadoop,1
spark,1
datamining,1
scala,1
python,1
machine learning,1
analytics,1
c++,1
excel,1
spss,1
analytics,1
big data,1
c++,1
python,1
hadoop,1
big data,1
machine learning,1
website,1
java,1
c++,1
analytics,1
application,1
app,1
python,1
big data,1
machine learning,1
website,1
java,1
c++,1
analytics,1
application,1
app,1
python,1
R,1
machine learning,1
prediction,1
application,1
analytics,1
python,1
big data,1
deep learning,1
machine learning,1
website,1
learn,1
ajax,1
prediction,1
c++,1
application,1
app,1
cloud,1
R,1
base de donnees,1
oracle,1
excel,1
c++,1
tableau,1
sql,1
website,1
vision,1
excel,1
sql,1
analytics,1
tableau,1
intelligence artificielle,1
machine learning,1
learn,1
pandas,1
.net,1
java,1
c++,1
spark,1
sas,1
weka,1
cloud,1
python,1
iot,1
big data,1
machine learning,1
pig,1
analytics,1
java,1
c++,1
hadoop,1
spark,1
application,1
scala,1
app,1
hive,1
python,1
big data,1
oracle,1
hadoop,1
nosql,1
cassandra,1
python,1
intelligence artificielle,1
pig,1
mapreduce,1
hadoop,1
spark,1
mongodb,1
nosql,1
cassandra,1
hive,1
cloud,1
iot,1
java,1
c++,1
application,1
perl,1
app,1
python,1
R,1
big data,1
machine learning,1
java,1
c++,1
python,1
R,1
base de donnees,1
tableau,1
sql,1
oracle,1
analytics,1
big data,1
analytics,1
big data,1
machine learning,1
website,1
d3,1
analytics,1
algorithm,1
big data,1
machine learning,1
tableau,1
analytics,1
app,1
spark,1
big data,1
machine learning,1
big data,1
intelligence artificielle,1
machine learning,1
website,1
d3,1
analytics,1
mapreduce,1
hadoop,1
spark,1
nosql,1
hive,1
R,1
big data,1
intelligence artificielle,1
machine learning,1
pig,1
analytics,1
keras,1
spark,1
sas,1
nosql,1
sql,1
cloud,1
python,1
R,1
base de donnees,1
oracle,1
.net,1
excel,1
application,1
tableau,1
sql,1
app,1
analytics,1
c++,1
java,1
datamining,1
python,1
big data,1
machine learning,1
java,1
classification,1
cassandra,1
spark,1
application,1
app,1
.net,1
machine learning,1
java,1
mongodb,1
scala,1
cloud,1
ia,1
R,1
big data,1
deep learning,1
intelligence artificielle,1
machine learning,1
learn,1
pandas,1
matlab,1
analytics,1
keras,1
java,1
spark,1
sas,1
sql,1
neurones,1
hive,1
cloud,1
python,1
big data,1
ajax,1
php,1
analytics,1
hadoop,1
spark,1
mongodb,1
application,1
app,1
node.js,1
big data,1
angularjs,1
ajax,1
php,1
analytics,1
hadoop,1
spark,1
mysql,1
mongodb,1
application,1
sql,1
app,1
node.js,1
R,1
big data,1
machine learning,1
learn,1
classification,1
python,1
prediction,1
machine learning,1
node.js,1
excel,1
analytics,1
R,1
big data,1
machine learning,1
sas,1
oracle,1
python,1
R,1
intelligence artificielle,1
machine learning,1
pandas,1
prediction,1
c++,1
python,1
sql,1
matlab,1
R,1
big data,1
data mining,1
analytics,1
java,1
hadoop,1
sas,1
python,1
sql,1
matlab,1
big data,1
machine learning,1
learn,1
website,1
angularjs,1
java,1
analytics,1
hadoop,1
spark,1
mongodb,1
application,1
scala,1
sql,1
cassandra,1
app,1
python,1
R,1
machine learning,1
matlab,1
python,1
hadoop,1
R,1
base de donnees,1
big data,1
data mining,1
classification,1
application,1
prediction,1
big data,1
machine learning,1
learn,1
ajax,1
java,1
mapreduce,1
spark,1
hadoop,1
algorithm,1
python,1
R,1
deep learning,1
machine learning,1
reseaux de neurones,1
learn,1
pandas,1
website,1
application,1
neurones,1
app,1
python,1
base de donnees,1
oracle,1
analytics,1
hadoop,1
nosql,1
sql,1
machine learning,1
learn,1
prediction,1
analytics,1
clustering,1
python,1
R,1
big data,1
machine learning,1
matlab,1
java,1
c++,1
sas,1
application,1
perl,1
python,1
machine learning,1
arbres,1
vision,1
analytics,1
c++,1
python,1
R,1
big data,1
sap,1
arbres,1
regression,1
analytics,1
spss,1
sas,1
datamining,1
python,1
big data,1
nosql,1
java,1
python,1
hadoop,1
big data,1
intelligence artificielle,1
pandas,1
analytics,1
python,1
clustering,1
big data,1
website,1
hadoop,1
spark,1
mysql,1
nosql,1
tableau,1
sql,1
hive,1
python,1
big data,1
analytics,1
.net,1
website,1
php,1
application,1
app,1
python,1
base de donnees,1
sas,1
analytics,1
java,1
nosql,1
big data,1
analytics,1
hadoop,1
R,1
big data,1
machine learning,1
java,1
analytics,1
hadoop,1
spark,1
mapreduce,1
scala,1
cassandra,1
monte carlo,1
prediction,1
analytics,1
R,1
big data,1
machine learning,1
ajax,1
java,1
hadoop,1
spark,1
application,1
nosql,1
python,1
vision,1
R,1
machine learning,1
.net,1
prediction,1
classification,1
python,1
machine learning,1
learn,1
prediction,1
analytics,1
clustering,1
python,1
big data,1
machine learning,1
website,1
d3,1
analytics,1
spss,1
analytics,1
cloud,1
oracle,1
application,1
R,1
base de donnees,1
oracle,1
.net,1
spss,1
analytics,1
c++,1
java,1
application,1
cloud,1
R,1
base de donnees,1
application,1
analytics,1
c++,1
oracle,1
learn,1
c++,1
cloud,1
python,1
ajax,1
sql,1
application,1
website,1
app,1
ruby,1
vision,1
big data,1
machine learning,1
website,1
d3,1
analytics,1
spss,1
analytics,1
cloud,1
oracle,1
application,1
R,1
base de donnees,1
oracle,1
spss,1
analytics,1
c++,1
application,1
cloud,1
R,1
base de donnees,1
oracle,1
analytics,1
c++,1
java,1
application,1
ajax,1
sql,1
application,1
learn,1
c++,1
cloud,1
python,1
website,1
app,1
ruby,1
vision,1
.net,1
java,1
spark,1
nosql,1
hive,1
cloud,1
analytics,1
oracle,1
R,1
big data,1
data mining,1
sap,1
arbres,1
regression,1
analytics,1
spss,1
hadoop,1
spark,1
sas,1
datamining,1
hive,1
python,1
R,1
c++,1
application,1
sas,1
matlab,1
big data,1
machine learning,1
cloud,1
big data,1
analytics,1
big data,1
intelligence artificielle,1
machine learning,1
analytics,1
vision,1
datamining,1
java,1
analytics,1
python,1
scala,1
big data,1
analytics,1
hadoop,1
spark,1
mongodb,1
application,1
scala,1
java,1
c++,1
spark,1
nosql,1
scala,1
hive,1
python,1
big data,1
deep learning,1
intelligence artificielle,1
machine learning,1
learn,1
pandas,1
pig,1
java,1
keras,1
c++,1
hadoop,1
spark,1
python,1
big data,1
data mining,1
intelligence artificielle,1
machine learning,1
vision,1
hadoop,1
spark,1
sas,1
nosql,1
sql,1
data mining,1
machine learning,1
website,1
algorithm,1
R,1
big data,1
machine learning,1
matlab,1
java,1
python,1
R,1
nosql,1
R,1
intelligence artificielle,1
machine learning,1
prediction,1
c++,1
classification,1
python,1
php,1
mysql,1
application,1
app,1
python,1
big data,1
deep learning,1
intelligence artificielle,1
machine learning,1
learn,1
pandas,1
pig,1
java,1
keras,1
c++,1
hadoop,1
spark,1
python,1
big data,1
data mining,1
intelligence artificielle,1
machine learning,1
vision,1
hadoop,1
spark,1
sas,1
nosql,1
sql,1
data mining,1
machine learning,1
website,1
algorithm,1
R,1
big data,1
machine learning,1
matlab,1
java,1
python,1
R,1
nosql,1
R,1
big data,1
sas,1
java,1
python,1
R,1
intelligence artificielle,1
machine learning,1
prediction,1
c++,1
classification,1
python,1
R,1
big data,1
machine learning,1
java,1
hadoop,1
spark,1
scala,1
cassandra,1
python,1
R,1
big data,1
data mining,1
machine learning,1
pig,1
hadoop,1
sas,1
forest,1
sql,1
svm,1
hive,1
python,1
R,1
machine learning,1
learn,1
d3,1
analytics,1
spss,1
java,1
sas,1
python,1
perl,1
ia,1
R,1
big data,1
data mining,1
machine learning,1
.net,1
java,1
c++,1
hadoop,1
spark,1
scala,1
svm,1
python,1
data mining,1
tableau,1
application,1
excel,1
R,1
big data,1
machine learning,1
regression,1
forest,1
clustering,1
excel,1
svm,1
machine learning,1
learn,1
.net,1
prediction,1
spark,1
clustering,1
python,1
machine learning,1
prediction,1
application,1
base de donnees,1
machine learning,1
angularjs,1
.net,1
java,1
nosql,1
sql,1
python,1
big data,1
machine learning,1
learn,1
analytics,1
java,1
spark,1
application,1
nosql,1
scala,1
machine learning,1
matlab,1
R,1
machine learning,1
prediction,1
.net,1
python,1
R,1
deep learning,1
intelligence artificielle,1
machine learning,1
analytics,1
keras,1
c++,1
hadoop,1
spark,1
mysql,1
nosql,1
sql,1
python,1
big data,1
data mining,1
intelligence artificielle,1
machine learning,1
analytics,1
application,1
vision,1
big data,1
data mining,1
machine learning,1
website,1
d3,1
analytics,1
hadoop,1
spark,1
scala,1
python,1
website,1
vision,1
mysql,1
excel,1
app,1
excel,1
cloud,1
R,1
learn,1
d3,1
analytics,1
sas,1
ia,1
machine learning,1
learn,1
.net,1
prediction,1
clustering,1
python,1
big data,1
machine learning,1
learn,1
R,1
ia,1
iot,1
java,1
spark,1
application,1
nosql,1
scala,1
big data,1
learn,1
analytics,1
vision,1
R,1
learn,1
d3,1
analytics,1
sas,1
ia,1
machine learning,1
learn,1
.net,1
prediction,1
clustering,1
python,1
big data,1
machine learning,1
learn,1
R,1
ia,1
iot,1
java,1
spark,1
application,1
nosql,1
scala,1
big data,1
learn,1
analytics,1
vision,1
big data,1
.net,1
iot,1
R,1
base de donnees,1
big data,1
deep learning,1
machine learning,1
pig,1
analytics,1
java,1
prediction,1
spark,1
sas,1
nosql,1
scala,1
sql,1
hive,1
python,1
sas,1
big data,1
intelligence artificielle,1
.net,1
big data,1
excel,1
sas,1
big data,1
java,1
hadoop,1
nosql,1
cassandra,1
python,1
R,1
big data,1
hive,1
hadoop,1
base de donnees,1
machine learning,1
angularjs,1
.net,1
java,1
nosql,1
sql,1
python,1
learn,1
vision,1
sql,1
mongodb,1
angularjs,1
big data,1
analytics,1
.net,1
big data,1
intelligence artificielle,1
machine learning,1
application,1
R,1
machine learning,1
php,1
java,1
hadoop,1
sas,1
sql,1
python,1
R,1
spss,1
java,1
sas,1
python,1
iot,1
big data,1
machine learning,1
learn,1
website,1
hadoop,1
spark,1
mongodb,1
cassandra,1
app,1
python,1
R,1
machine learning,1
php,1
java,1
hadoop,1
sas,1
sql,1
python,1
data mining,1
deep learning,1
machine learning,1
website,1
hadoop,1
spark,1
sql,1
algorithm,1
app,1
python,1
R,1
big data,1
machine learning,1
matlab,1
java,1
c++,1
sas,1
application,1
perl,1
python,1
big data,1
excel,1
application,1
R,1
reseaux de neurones,1
spss,1
classification,1
application,1
sql,1
neurones,1
deep learning,1
machine learning,1
analytics,1
python,1
big data,1
intelligence artificielle,1
machine learning,1
reseaux de neurones,1
.net,1
analytics,1
hadoop,1
spark,1
classification,1
python,1
nosql,1
neurones,1
matlab,1
R,1
big data,1
machine learning,1
tableau,1
python,1
big data,1
intelligence artificielle,1
machine learning,1
spss,1
analytics,1
hadoop,1
spark,1
sas,1
sql,1
hive,1
R,1
big data,1
data mining,1
machine learning,1
website,1
d3,1
analytics,1
hadoop,1
spark,1
python,1
big data,1
machine learning,1
pig,1
spss,1
analytics,1
hadoop,1
spark,1
sas,1
datamining,1
tableau,1
hive,1
python,1
data mining,1
deep learning,1
machine learning,1
analytics,1
c++,1
nosql,1
sql,1
python,1
R,1
big data,1
machine learning,1
tableau,1
python,1
big data,1
intelligence artificielle,1
machine learning,1
spss,1
analytics,1
hadoop,1
spark,1
sas,1
sql,1
hive,1
R,1
big data,1
data mining,1
machine learning,1
website,1
d3,1
analytics,1
hadoop,1
spark,1
python,1
big data,1
machine learning,1
pig,1
spss,1
analytics,1
hadoop,1
spark,1
sas,1
datamining,1
tableau,1
hive,1
python,1
data mining,1
deep learning,1
machine learning,1
analytics,1
c++,1
nosql,1
sql,1
python,1
big data,1
oracle,1
vision,1
spss,1
analytics,1
hadoop,1
sql,1
analytics,1
big data,1
machine learning,1
sql,1
sas,1
.net,1
cloud,1
big data,1
intelligence artificielle,1
machine learning,1
spss,1
hadoop,1
spark,1
sas,1
sql,1
hive,1
big data,1
intelligence artificielle,1
machine learning,1
spss,1
hadoop,1
spark,1
sas,1
sql,1
hive,1
big data,1
excel,1
application,1
big data,1
analytics,1
hadoop,1
spark,1
mysql,1
nosql,1
tableau,1
sql,1
hive,1
python,1
R,1
big data,1
machine learning,1
sql,1
python,1
R,1
big data,1
machine learning,1
website,1
d3,1
analytics,1
hadoop,1
spark,1
python,1
big data,1
analytics,1
hadoop,1
php,1
mysql,1
big data,1
machine learning,1
postgresql,1
d3,1
hadoop,1
ruby,1
sql,1
R,1
data mining,1
machine learning,1
pig,1
prediction,1
cassandra,1
classification,1
application,1
mongodb,1
nosql,1
sql,1
weka,1
svm,1
bayes,1
hive,1
R,1
analytics,1
hadoop,1
spark,1
sas,1
classification,1
sql,1
hive,1
python,1
sql,1
prediction,1
analytics,1
big data,1
ajax,1
website,1
excel,1
R,1
big data,1
java,1
c++,1
hadoop,1
spark,1
scala,1
hive,1
python,1
R,1
algorithm,1
application,1
cloud,1
application,1
big data,1
machine learning,1
postgresql,1
d3,1
hadoop,1
ruby,1
sql,1
R,1
algorithm,1
application,1
cloud,1
big data,1
machine learning,1
java,1
spark,1
hadoop,1
scala,1
big data,1
machine learning,1
perl,1
python,1
base de donnees,1
big data,1
sql,1
java,1
cloud,1
vision,1
R,1
big data,1
hadoop,1
sql,1
python,1
spark,1
machine learning,1
learn,1
website,1
app,1
hadoop,1
big data,1
data mining,1
intelligence artificielle,1
machine learning,1
sql,1
cloud,1
big data,1
machine learning,1
pig,1
hadoop,1
spark,1
sql,1
hive,1
python,1
intelligence artificielle,1
machine learning,1
reseaux de neurones,1
website,1
neurones,1
application,1
clustering,1
R,1
postgresql,1
analytics,1
mongodb,1
application,1
excel,1
python,1
machine learning,1
learn,1
website,1
app,1
hadoop,1
big data,1
data mining,1
intelligence artificielle,1
machine learning,1
sql,1
cloud,1
big data,1
machine learning,1
pig,1
hadoop,1
spark,1
sql,1
hive,1
python,1
intelligence artificielle,1
machine learning,1
reseaux de neurones,1
website,1
neurones,1
application,1
clustering,1
R,1
postgresql,1
analytics,1
mongodb,1
application,1
excel,1
python,1
R,1
big data,1
data mining,1
deep learning,1
machine learning,1
hadoop,1
spark,1
datamining,1
scala,1
python,1
R,1
base de donnees,1
hadoop,1
application,1
tableau,1
sql,1
python,1
R,1
machine learning,1
learn,1
pandas,1
postgresql,1
vision,1
hadoop,1
spark,1
tableau,1
sql,1
python,1
big data,1
hadoop,1
spark,1
application,1
tableau,1
sql,1
python,1
intelligence artificielle,1
machine learning,1
reseaux de neurones,1
website,1
neurones,1
application,1
clustering,1
ajax,1
algorithm,1
application,1
website,1
R,1
base de donnees,1
big data,1
sap,1
oracle,1
vision,1
spss,1
analytics,1
c++,1
hadoop,1
application,1
sql,1
R,1
excel,1
sas,1
R,1
machine learning,1
learn,1
postgresql,1
vision,1
tableau,1
sql,1
python,1
R,1
big data,1
machine learning,1
sap,1
matlab,1
pig,1
oracle,1
spss,1
java,1
c++,1
sas,1
tableau,1
sql,1
python,1
iot,1
machine learning,1
postgresql,1
vision,1
machine learning,1
learn,1
website,1
app,1
python,1
learn,1
application,1
excel,1
R,1
base de donnees,1
big data,1
data mining,1
machine learning,1
.net,1
angularjs,1
java,1
ruby,1
sql,1
python,1
R,1
big data,1
intelligence artificielle,1
machine learning,1
website,1
d3,1
analytics,1
hadoop,1
spark,1
mapreduce,1
nosql,1
cassandra,1
python,1
big data,1
machine learning,1
website,1
d3,1
analytics,1
tableau,1
R,1
big data,1
machine learning,1
website,1
d3,1
analytics,1
hadoop,1
spark,1
nosql,1
scala,1
cloud,1
python,1
R,1
big data,1
intelligence artificielle,1
machine learning,1
pig,1
analytics,1
keras,1
spark,1
sas,1
nosql,1
sql,1
cloud,1
python,1
website,1
angularjs,1
d3,1
java,1
application,1
app,1
python,1
R,1
big data,1
data mining,1
intelligence artificielle,1
machine learning,1
website,1
d3,1
analytics,1
java,1
hadoop,1
spark,1
nosql,1
sql,1
cloud,1
python,1
iot,1
big data,1
java,1
cloud,1
hadoop,1
R,1
big data,1
deep learning,1
machine learning,1
website,1
d3,1
analytics,1
hadoop,1
spark,1
python,1
iot,1
R,1
big data,1
spark,1
forest,1
sas,1
svm,1
python,1
data mining,1
machine learning,1
analytics,1
forest,1
application,1
excel,1
svm,1
R,1
machine learning,1
analytics,1
prediction,1
hadoop,1
python,1
sql,1
matlab,1
R,1
big data,1
java,1
c++,1
hadoop,1
nosql,1
iot,1
R,1
data mining,1
machine learning,1
regression,1
neurones,1
python,1
base de donnees,1
oracle,1
analytics,1
hadoop,1
nosql,1
sql,1
machine learning,1
learn,1
analytics,1
python,1
big data,1
analytics,1
hadoop,1
spark,1
tableau,1
sql,1
hive,1
python,1
R,1
big data,1
machine learning,1
weka,1
angularjs,1
python,1
R,1
big data,1
machine learning,1
learn,1
hadoop,1
spark,1
cloud,1
python,1
R,1
website,1
python,1
cloud,1
big data,1
machine learning,1
angularjs,1
.net,1
php,1
java,1
nosql,1
sql,1
cloud,1
R,1
data mining,1
machine learning,1
sap,1
website,1
learn,1
regression,1
analytics,1
hadoop,1
spark,1
classification,1
application,1
clustering,1
sql,1
cloud,1
python,1
deep learning,1
machine learning,1
prediction,1
vision,1
R,1
big data,1
deep learning,1
machine learning,1
pandas,1
hadoop,1
spark,1
nosql,1
python,1
R,1
base de donnees,1
big data,1
machine learning,1
pig,1
oracle,1
.net,1
prediction,1
c++,1
java,1
spark,1
sas,1
application,1
nosql,1
scala,1
sql,1
hive,1
python,1
base de donnees,1
big data,1
machine learning,1
spss,1
analytics,1
hadoop,1
mapreduce,1
spark,1
sas,1
mongodb,1
python,1
scala,1
sql,1
cassandra,1
matlab,1
big data,1
machine learning,1
learn,1
analytics,1
application,1
sql,1
python,1
R,1
big data,1
machine learning,1
sas,1
application,1
datamining,1
excel,1
python,1
R,1
big data,1
machine learning,1
reseaux de neurones,1
regression,1
java,1
analytics,1
hadoop,1
spark,1
datamining,1
neurones,1
python,1
markov,1
big data,1
machine learning,1
sap,1
angularjs,1
php,1
java,1
c++,1
node.js,1
python,1
ruby,1
matlab,1
postgresql,1
vision,1
analytics,1
application,1
sql,1
cloud,1
python,1
cloud,1
big data,1
machine learning,1
angularjs,1
.net,1
php,1
java,1
nosql,1
sql,1
cloud,1
R,1
data mining,1
machine learning,1
sap,1
website,1
learn,1
regression,1
analytics,1
hadoop,1
spark,1
classification,1
application,1
clustering,1
sql,1
cloud,1
python,1
deep learning,1
machine learning,1
prediction,1
vision,1
R,1
big data,1
deep learning,1
machine learning,1
pandas,1
hadoop,1
spark,1
nosql,1
python,1
R,1
base de donnees,1
big data,1
machine learning,1
pig,1
prediction,1
c++,1
java,1
spark,1
sas,1
application,1
nosql,1
scala,1
sql,1
hive,1
python,1
base de donnees,1
big data,1
machine learning,1
spss,1
analytics,1
hadoop,1
mapreduce,1
spark,1
sas,1
mongodb,1
python,1
scala,1
sql,1
cassandra,1
matlab,1
base de donnees,1
big data,1
machine learning,1
spss,1
analytics,1
hadoop,1
mapreduce,1
spark,1
sas,1
mongodb,1
python,1
scala,1
sql,1
cassandra,1
matlab,1
big data,1
machine learning,1
learn,1
analytics,1
application,1
sql,1
python,1
R,1
big data,1
machine learning,1
sas,1
application,1
datamining,1
excel,1
python,1
R,1
big data,1
machine learning,1
reseaux de neurones,1
regression,1
java,1
analytics,1
hadoop,1
spark,1
datamining,1
neurones,1
python,1
markov,1
big data,1
machine learning,1
sap,1
angularjs,1
php,1
java,1
c++,1
node.js,1
python,1
ruby,1
matlab,1
big data,1
data mining,1
machine learning,1
java,1
hadoop,1
spark,1
mapreduce,1
forest,1
nosql,1
scala,1
sql,1
cloud,1
python,1
big data,1
analytics,1
cloud,1
hadoop,1
spark,1
big data,1
machine learning,1
java,1
hadoop,1
spark,1
scala,1
python,1
big data,1
analytics,1
classification,1
hadoop,1
analytics,1
application,1
forest,1
app,1
R,1
big data,1
data mining,1
machine learning,1
sap,1
website,1
learn,1
analytics,1
hadoop,1
spark,1
application,1
sql,1
cloud,1
python,1
big data,1
machine learning,1
java,1
hadoop,1
spark,1
scala,1
python,1
big data,1
analytics,1
hadoop,1
big data,1
website,1
hadoop,1
spark,1
mysql,1
nosql,1
tableau,1
sql,1
hive,1
python,1
website,1
R,1
big data,1
data mining,1
machine learning,1
sap,1
sql,1
nosql,1
python,1
base de donnees,1
machine learning,1
sql,1
analytics,1
angularjs,1
intelligence artificielle,1
machine learning,1
analytics,1
iot,1
R,1
big data,1
data mining,1
machine learning,1
analytics,1
java,1
c++,1
python,1
matlab,1
clustering,1
base de donnees,1
sql,1
cloud,1
base de donnees,1
big data,1
sap,1
oracle,1
application,1
cloud,1
R,1
big data,1
machine learning,1
reseaux de neurones,1
analytics,1
spark,1
application,1
sql,1
neurones,1
svm,1
hive,1
cloud,1
python,1
R,1
big data,1
machine learning,1
analytics,1
spark,1
cassandra,1
scala,1
algorithm,1
cloud,1
python,1
big data,1
analytics,1
base de donnees,1
spss,1
analytics,1
forest,1
classification,1
sas,1
excel,1
big data,1
deep learning,1
machine learning,1
ia,1
pig,1
analytics,1
java,1
hadoop,1
spark,1
mapreduce,1
mongodb,1
nosql,1
scala,1
sql,1
cassandra,1
python,1
tableau,1
analytics,1
cloud,1
oracle,1
vision,1
hadoop,1
spark,1
sql,1
python,1
R,1
machine learning,1
learn,1
application,1
learn,1
application,1
data mining,1
machine learning,1
learn,1
pandas,1
pig,1
website,1
vision,1
regression,1
analytics,1
keras,1
spark,1
application,1
hive,1
big data,1
intelligence artificielle,1
machine learning,1
pandas,1
website,1
learn,1
app,1
python,1
machine learning,1
spark,1
forest,1
sas,1
svm,1
hive,1
big data,1
deep learning,1
machine learning,1
reseaux de neurones,1
hadoop,1
spark,1
datamining,1
hive,1
python,1
R,1
big data,1
intelligence artificielle,1
machine learning,1
learn,1
pandas,1
sap,1
.net,1
ajax,1
java,1
spark,1
sas,1
nosql,1
sql,1
weka,1
cloud,1
python,1
iot,1
R,1
big data,1
data mining,1
intelligence artificielle,1
machine learning,1
hadoop,1
mongodb,1
application,1
app,1
python,1
learn,1
application,1
learn,1
application,1
big data,1
intelligence artificielle,1
machine learning,1
pandas,1
website,1
learn,1
app,1
python,1
data mining,1
machine learning,1
learn,1
pandas,1
pig,1
website,1
vision,1
regression,1
analytics,1
keras,1
spark,1
application,1
hive,1
machine learning,1
spark,1
forest,1
sas,1
svm,1
hive,1
big data,1
deep learning,1
machine learning,1
reseaux de neurones,1
hadoop,1
spark,1
datamining,1
hive,1
python,1
R,1
big data,1
intelligence artificielle,1
machine learning,1
learn,1
pandas,1
sap,1
ajax,1
java,1
c++,1
spark,1
sas,1
nosql,1
sql,1
weka,1
cloud,1
python,1
iot,1
R,1
big data,1
data mining,1
intelligence artificielle,1
machine learning,1
hadoop,1
mongodb,1
application,1
app,1
python,1
big data,1
machine learning,1
analytics,1
hadoop,1
spark,1
mysql,1
nosql,1
sql,1
cloud,1
big data,1
analytics,1
mapreduce,1
hadoop,1
tableau,1
application,1
analytics,1
big data,1
application,1
cassandra,1
app,1
cloud,1
python,1
big data,1
deep learning,1
prediction,1
java,1
hadoop,1
spark,1
python,1
R,1
reseaux de neurones,1
spss,1
classification,1
application,1
nosql,1
sql,1
neurones,1
big data,1
machine learning,1
java,1
analytics,1
hadoop,1
spark,1
nosql,1
scala,1
tableau,1
hive,1
python,1
ajax,1
big data,1
machine learning,1
sql,1
sas,1
analytics,1
python,1
R,1
intelligence artificielle,1
machine learning,1
hadoop,1
mongodb,1
python,1
spark,1
ajax,1
data mining,1
classification,1
application,1
vision,1
iot,1
intelligence artificielle,1
machine learning,1
mongodb,1
hadoop,1
java,1
c++,1
node.js,1
analytics,1
application,1
nosql,1
python,1
website,1
postgresql,1
ruby,1
mysql,1
big data,1
machine learning,1
oracle,1
.net,1
java,1
hadoop,1
spark,1
mongodb,1
nosql,1
hive,1
python,1
R,1
big data,1
sap,1
pig,1
oracle,1
java,1
hadoop,1
spark,1
sas,1
sql,1
hive,1
cloud,1
python,1
big data,1
machine learning,1
ajax,1
big data,1
analytics,1
R,1
big data,1
data mining,1
machine learning,1
forest,1
analytics,1
svm,1
R,1
big data,1
deep learning,1
machine learning,1
reseaux de neurones,1
analytics,1
hadoop,1
spark,1
nosql,1
scala,1
tableau,1
sql,1
neurones,1
hive,1
python,1
R,1
big data,1
sap,1
vision,1
spss,1
analytics,1
hadoop,1
spark,1
sas,1
datamining,1
hive,1
python,1
big data,1
data mining,1
machine learning,1
ajax,1
analytics,1
.net,1
R,1
big data,1
intelligence artificielle,1
machine learning,1
learn,1
pandas,1
sap,1
ajax,1
java,1
c++,1
spark,1
sas,1
weka,1
cloud,1
python,1
iot,1
R,1
big data,1
website,1
arbres,1
sap,1
regression,1
analytics,1
spss,1
sas,1
datamining,1
python,1
R,1
big data,1
machine learning,1
website,1
ajax,1
java,1
hadoop,1
spark,1
nosql,1
scala,1
tableau,1
hive,1
python,1
R,1
data mining,1
intelligence artificielle,1
machine learning,1
analytics,1
application,1
python,1
nosql,1
tableau,1
sql,1
matlab,1
big data,1
website,1
java,1
c++,1
algorithm,1
machine learning,1
learn,1
prediction,1
analytics,1
clustering,1
app,1
python,1
R,1
big data,1
deep learning,1
machine learning,1
analytics,1
spark,1
sas,1
python,1
scala,1
ia,1
iot,1
R,1
big data,1
machine learning,1
oracle,1
vision,1
spark,1
datamining,1
clustering,1
sql,1
python,1
machine learning,1
learn,1
website,1
app,1
vision,1
R,1
big data,1
data mining,1
machine learning,1
analytics,1
hadoop,1
classification,1
python,1
nosql,1
clustering,1
excel,1
matlab,1
base de donnees,1
big data,1
oracle,1
ajax,1
analytics,1
hadoop,1
nosql,1
sql,1
cloud,1
python,1
base de donnees,1
reseaux de neurones,1
learn,1
pandas,1
regression,1
prediction,1
keras,1
analytics,1
spark,1
forest,1
classification,1
cloud,1
python,1
iot,1
R,1
oracle,1
analytics,1
application,1
excel,1
sql,1
excel,1
sql,1
sas,1
R,1
excel,1
analytics,1
application,1
big data,1
vision,1
java,1
analytics,1
hadoop,1
spark,1
nosql,1
scala,1
python,1
big data,1
d3,1
analytics,1
cloud,1
datamining,1
big data,1
tableau,1
sap,1
sql,1
data mining,1
machine learning,1
website,1
scala,1
hadoop,1
spark,1
clustering,1
sql,1
app,1
hive,1
python,1
R,1
base de donnees,1
big data,1
deep learning,1
machine learning,1
pig,1
.net,1
prediction,1
c++,1
java,1
spark,1
sas,1
application,1
nosql,1
scala,1
sql,1
hive,1
python,1
R,1
excel,1
sql,1
c++,1
tableau,1
analytics,1
application,1
vision,1
analytics,1
application,1
vision,1
intelligence artificielle,1
machine learning,1
website,1
java,1
hadoop,1
clustering,1
python,1
R,1
big data,1
data mining,1
intelligence artificielle,1
machine learning,1
postgresql,1
spss,1
analytics,1
java,1
hadoop,1
spark,1
mysql,1
sas,1
tableau,1
sql,1
hive,1
python,1
R,1
big data,1
data mining,1
machine learning,1
monte carlo,1
oracle,1
pig,1
ajax,1
analytics,1
hadoop,1
spark,1
sas,1
forest,1
sql,1
svm,1
hive,1
cloud,1
python,1
iot,1
R,1
big data,1
data mining,1
machine learning,1
monte carlo,1
oracle,1
pig,1
ajax,1
analytics,1
hadoop,1
spark,1
sas,1
forest,1
sql,1
svm,1
hive,1
cloud,1
python,1
iot,1
R,1
d3,1
prediction,1
python,1
R,1
base de donnees,1
big data,1
data mining,1
intelligence artificielle,1
machine learning,1
pandas,1
learn,1
oracle,1
arbres,1
regression,1
hadoop,1
spark,1
mysql,1
classification,1
python,1
nosql,1
sql,1
matlab,1
R,1
big data,1
data mining,1
intelligence artificielle,1
machine learning,1
postgresql,1
spss,1
analytics,1
java,1
hadoop,1
spark,1
mysql,1
sas,1
mongodb,1
tableau,1
sql,1
hive,1
python,1
php,1
sql,1
analytics,1
python,1
R,1
big data,1
data mining,1
intelligence artificielle,1
machine learning,1
postgresql,1
spss,1
analytics,1
java,1
hadoop,1
spark,1
mysql,1
sas,1
mongodb,1
tableau,1
sql,1
hive,1
python,1
big data,1
intelligence artificielle,1
R,1
big data,1
data mining,1
machine learning,1
monte carlo,1
oracle,1
pig,1
ajax,1
analytics,1
hadoop,1
spark,1
sas,1
forest,1
sql,1
svm,1
hive,1
cloud,1
python,1
iot,1
R,1
big data,1
data mining,1
machine learning,1
monte carlo,1
oracle,1
pig,1
ajax,1
analytics,1
hadoop,1
spark,1
sas,1
forest,1
sql,1
svm,1
hive,1
cloud,1
python,1
iot,1
app,1
website,1
vision,1
d3,1
analytics,1
app,1
R,1
big data,1
machine learning,1
pig,1
analytics,1
hadoop,1
spark,1
mapreduce,1
mongodb,1
application,1
nosql,1
scala,1
datamining,1
cassandra,1
python,1
R,1
big data,1
deep learning,1
machine learning,1
analytics,1
hadoop,1
spark,1
cloud,1
python,1
big data,1
machine learning,1
tableau,1
sql,1
app,1
python,1
R,1
big data,1
data mining,1
machine learning,1
pig,1
.net,1
analytics,1
hadoop,1
sql,1
hive,1
R,1
big data,1
data mining,1
machine learning,1
analytics,1
hadoop,1
spark,1
nosql,1
sql,1
R,1
algorithm,1
application,1
cloud,1
R,1
tableau,1
application,1
excel,1
data mining,1
deep learning,1
machine learning,1
learn,1
website,1
spark,1
app,1
python,1
big data,1
machine learning,1
learn,1
R,1
big data,1
machine learning,1
monte carlo,1
reseaux de neurones,1
regression,1
sas,1
classification,1
application,1
clustering,1
neurones,1
deep learning,1
machine learning,1
learn,1
R,1
application,1
c++,1
R,1
base de donnees,1
big data,1
machine learning,1
sas,1
classification,1
vision,1
datamining,1
big data,1
machine learning,1
python,1
mongodb,1
application,1
analytics,1
R,1
base de donnees,1
machine learning,1
vision,1
spss,1
regression,1
hadoop,1
sas,1
forest,1
application,1
sql,1
python,1
big data,1
learn,1
pig,1
d3,1
analytics,1
java,1
hadoop,1
spark,1
mapreduce,1
application,1
nosql,1
scala,1
sql,1
cassandra,1
hive,1
website,1
vision,1
ajax,1
php,1
ruby,1
app,1
python,1
big data,1
data mining,1
website,1
java,1
analytics,1
hadoop,1
spark,1
scala,1
app,1
python,1
R,1
base de donnees,1
big data,1
pig,1
java,1
c++,1
hadoop,1
spark,1
sas,1
application,1
hive,1
big data,1
prediction,1
analytics,1
hadoop,1
spark,1
sql,1
hive,1
cloud,1
python,1
R,1
machine learning,1
regression,1
analytics,1
python,1
R,1
big data,1
website,1
hadoop,1
tableau,1
algorithm,1
cloud,1
python,1
machine learning,1
website,1
app,1
R,1
big data,1
machine learning,1
website,1
arbres,1
sap,1
regression,1
analytics,1
spss,1
hadoop,1
spark,1
sas,1
datamining,1
python,1
R,1
vision,1
spss,1
sas,1
application,1
matlab,1
big data,1
machine learning,1
analytics,1
java,1
hadoop,1
mysql,1
nosql,1
sql,1
cloud,1
python,1
big data,1
machine learning,1
oracle,1
java,1
analytics,1
application,1
sql,1
cloud,1
python,1
iot,1
R,1
big data,1
machine learning,1
scala,1
excel,1
regression,1
hadoop,1
spark,1
classification,1
clustering,1
tableau,1
python,1
big data,1
big data,1
machine learning,1
java,1
nosql,1
R,1
big data,1
machine learning,1
scala,1
excel,1
regression,1
hadoop,1
spark,1
classification,1
clustering,1
tableau,1
python,1
R,1
big data,1
sap,1
.net,1
spss,1
mapreduce,1
hadoop,1
sas,1
python,1
scala,1
sql,1
cloud,1
matlab,1
iot,1
R,1
machine learning,1
R,1
big data,1
data mining,1
machine learning,1
postgresql,1
oracle,1
tableau,1
spss,1
analytics,1
hadoop,1
mysql,1
mongodb,1
nosql,1
excel,1
sql,1
cassandra,1
big data,1
intelligence artificielle,1
website,1
R,1
big data,1
machine learning,1
scala,1
excel,1
regression,1
hadoop,1
spark,1
classification,1
clustering,1
tableau,1
python,1
big data,1
big data,1
machine learning,1
java,1
nosql,1
R,1
big data,1
machine learning,1
scala,1
excel,1
regression,1
hadoop,1
spark,1
classification,1
clustering,1
tableau,1
python,1
R,1
big data,1
sap,1
.net,1
spss,1
mapreduce,1
hadoop,1
sas,1
python,1
scala,1
sql,1
cloud,1
matlab,1
iot,1
R,1
machine learning,1
R,1
big data,1
data mining,1
machine learning,1
postgresql,1
oracle,1
tableau,1
spss,1
analytics,1
hadoop,1
mysql,1
mongodb,1
nosql,1
excel,1
sql,1
cassandra,1
big data,1
intelligence artificielle,1
website,1
R,1
big data,1
machine learning,1
python,1
vision,1
big data,1
machine learning,1
oracle,1
pig,1
java,1
hadoop,1
mapreduce,1
sql,1
python,1
R,1
big data,1
machine learning,1
pig,1
spark,1
sas,1
nosql,1
hive,1
python,1
R,1
big data,1
intelligence artificielle,1
machine learning,1
ajax,1
analytics,1
hadoop,1
sas,1
datamining,1
nosql,1
sql,1
python,1
R,1
big data,1
data mining,1
machine learning,1
postgresql,1
oracle,1
tableau,1
spss,1
analytics,1
hadoop,1
mysql,1
mongodb,1
nosql,1
excel,1
sql,1
cassandra,1
big data,1
intelligence artificielle,1
website,1
R,1
big data,1
machine learning,1
python,1
vision,1
big data,1
machine learning,1
oracle,1
pig,1
java,1
hadoop,1
mapreduce,1
sql,1
python,1
R,1
big data,1
machine learning,1
pig,1
spark,1
sas,1
nosql,1
hive,1
python,1
R,1
big data,1
intelligence artificielle,1
machine learning,1
ajax,1
analytics,1
hadoop,1
sas,1
datamining,1
nosql,1
sql,1
python,1
R,1
big data,1
data mining,1
machine learning,1
postgresql,1
oracle,1
tableau,1
spss,1
analytics,1
hadoop,1
mysql,1
mongodb,1
nosql,1
excel,1
sql,1
cassandra,1
big data,1
intelligence artificielle,1
website,1
R,1
big data,1
machine learning,1
python,1
vision,1
big data,1
machine learning,1
oracle,1
pig,1
java,1
hadoop,1
mapreduce,1
sql,1
python,1
R,1
big data,1
machine learning,1
pig,1
spark,1
sas,1
nosql,1
hive,1
python,1
R,1
big data,1
intelligence artificielle,1
machine learning,1
ajax,1
analytics,1
hadoop,1
sas,1
datamining,1
nosql,1
sql,1
python,1
R,1
big data,1
data mining,1
machine learning,1
postgresql,1
oracle,1
tableau,1
spss,1
analytics,1
hadoop,1
mysql,1
mongodb,1
nosql,1
excel,1
sql,1
cassandra,1
big data,1
intelligence artificielle,1
website,1
R,1
big data,1
machine learning,1
python,1
vision,1
R,1
big data,1
machine learning,1
pig,1
spark,1
sas,1
nosql,1
hive,1
python,1
big data,1
machine learning,1
oracle,1
pig,1
java,1
hadoop,1
mapreduce,1
sql,1
python,1
R,1
big data,1
intelligence artificielle,1
machine learning,1
ajax,1
analytics,1
hadoop,1
sas,1
datamining,1
nosql,1
sql,1
python,1
R,1
big data,1
data mining,1
machine learning,1
postgresql,1
oracle,1
tableau,1
spss,1
analytics,1
hadoop,1
mysql,1
mongodb,1
nosql,1
excel,1
sql,1
cassandra,1
big data,1
intelligence artificielle,1
website,1
R,1
big data,1
machine learning,1
python,1
vision,1
big data,1
machine learning,1
oracle,1
pig,1
java,1
hadoop,1
mapreduce,1
sql,1
python,1
R,1
big data,1
machine learning,1
pig,1
spark,1
sas,1
nosql,1
hive,1
python,1
R,1
big data,1
intelligence artificielle,1
machine learning,1
ajax,1
analytics,1
hadoop,1
sas,1
datamining,1
nosql,1
sql,1
python,1
R,1
big data,1
data mining,1
machine learning,1
postgresql,1
oracle,1
tableau,1
spss,1
analytics,1
hadoop,1
mysql,1
mongodb,1
nosql,1
excel,1
sql,1
cassandra,1
big data,1
intelligence artificielle,1
website,1
R,1
big data,1
machine learning,1
python,1
vision,1
big data,1
machine learning,1
oracle,1
pig,1
java,1
hadoop,1
mapreduce,1
sql,1
python,1
R,1
big data,1
machine learning,1
pig,1
spark,1
sas,1
nosql,1
hive,1
python,1
R,1
big data,1
intelligence artificielle,1
machine learning,1
ajax,1
analytics,1
hadoop,1
sas,1
datamining,1
nosql,1
sql,1
python,1
big data,1
big data,1
machine learning,1
java,1
nosql,1
R,1
big data,1
machine learning,1
scala,1
excel,1
regression,1
hadoop,1
spark,1
classification,1
clustering,1
tableau,1
python,1
R,1
big data,1
sap,1
.net,1
spss,1
mapreduce,1
hadoop,1
sas,1
python,1
scala,1
sql,1
cloud,1
matlab,1
iot,1
R,1
machine learning,1
R,1
big data,1
data mining,1
machine learning,1
postgresql,1
oracle,1
tableau,1
spss,1
analytics,1
hadoop,1
mysql,1
mongodb,1
nosql,1
excel,1
sql,1
cassandra,1
big data,1
intelligence artificielle,1
website,1
R,1
big data,1
machine learning,1
python,1
vision,1
R,1
big data,1
machine learning,1
pig,1
spark,1
sas,1
nosql,1
hive,1
python,1
big data,1
machine learning,1
oracle,1
pig,1
java,1
hadoop,1
mapreduce,1
sql,1
python,1
R,1
big data,1
intelligence artificielle,1
machine learning,1
ajax,1
analytics,1
hadoop,1
sas,1
datamining,1
nosql,1
sql,1
python,1
R,1
big data,1
data mining,1
machine learning,1
postgresql,1
oracle,1
tableau,1
spss,1
analytics,1
hadoop,1
mysql,1
mongodb,1
nosql,1
excel,1
sql,1
cassandra,1
big data,1
intelligence artificielle,1
website,1
R,1
big data,1
machine learning,1
d3,1
python,1
vision,1
big data,1
machine learning,1
oracle,1
pig,1
d3,1
java,1
hadoop,1
mapreduce,1
sql,1
python,1
R,1
big data,1
machine learning,1
pig,1
spark,1
sas,1
nosql,1
hive,1
python,1
R,1
big data,1
intelligence artificielle,1
machine learning,1
ajax,1
analytics,1
hadoop,1
sas,1
datamining,1
nosql,1
sql,1
python,1
R,1
big data,1
data mining,1
machine learning,1
postgresql,1
oracle,1
tableau,1
spss,1
analytics,1
hadoop,1
mysql,1
mongodb,1
nosql,1
excel,1
sql,1
cassandra,1
big data,1
intelligence artificielle,1
website,1
R,1
big data,1
machine learning,1
python,1
vision,1
big data,1
machine learning,1
oracle,1
pig,1
java,1
hadoop,1
mapreduce,1
sql,1
python,1
R,1
big data,1
machine learning,1
pig,1
spark,1
sas,1
nosql,1
hive,1
python,1
R,1
big data,1
intelligence artificielle,1
machine learning,1
ajax,1
analytics,1
hadoop,1
sas,1
datamining,1
nosql,1
sql,1
python,1
R,1
big data,1
data mining,1
machine learning,1
postgresql,1
oracle,1
tableau,1
spss,1
analytics,1
hadoop,1
mysql,1
mongodb,1
nosql,1
excel,1
sql,1
cassandra,1
big data,1
intelligence artificielle,1
website,1
R,1
big data,1
machine learning,1
python,1
vision,1
big data,1
machine learning,1
oracle,1
pig,1
java,1
hadoop,1
mapreduce,1
sql,1
python,1
R,1
big data,1
machine learning,1
pig,1
spark,1
sas,1
nosql,1
hive,1
python,1
R,1
big data,1
intelligence artificielle,1
machine learning,1
ajax,1
analytics,1
hadoop,1
sas,1
datamining,1
nosql,1
sql,1
python,1
R,1
big data,1
data mining,1
machine learning,1
postgresql,1
oracle,1
tableau,1
spss,1
analytics,1
hadoop,1
mysql,1
mongodb,1
nosql,1
excel,1
sql,1
cassandra,1
big data,1
intelligence artificielle,1
website,1
R,1
big data,1
machine learning,1
python,1
vision,1
big data,1
machine learning,1
oracle,1
pig,1
java,1
hadoop,1
mapreduce,1
sql,1
python,1
R,1
big data,1
machine learning,1
pig,1
spark,1
sas,1
nosql,1
hive,1
python,1
R,1
big data,1
intelligence artificielle,1
machine learning,1
ajax,1
analytics,1
hadoop,1
sas,1
datamining,1
nosql,1
sql,1
python,1
R,1
big data,1
data mining,1
machine learning,1
postgresql,1
oracle,1
tableau,1
spss,1
analytics,1
hadoop,1
mysql,1
mongodb,1
nosql,1
excel,1
sql,1
cassandra,1
big data,1
intelligence artificielle,1
website,1
R,1
big data,1
machine learning,1
python,1
vision,1
R,1
big data,1
machine learning,1
pig,1
spark,1
sas,1
nosql,1
hive,1
python,1
big data,1
machine learning,1
oracle,1
pig,1
java,1
hadoop,1
mapreduce,1
sql,1
python,1
R,1
big data,1
intelligence artificielle,1
machine learning,1
ajax,1
analytics,1
hadoop,1
sas,1
datamining,1
nosql,1
sql,1
python,1
